<?xml version = '1.0' encoding = 'UTF-8'?>
<Faults>
   <Fault>
      <severity>WARNING</severity>
      <loc/>
      <line>108</line>
      <col/>
      <file>TravelApproval.bpel</file>
      <msg>
         <![CDATA[Trying to assign incompatible types
<from> value type "{http://www.w3.org/2001/XMLSchema}string" is not compatible with <to> value type "{http://packtpub.com/service/employee/}TravelClassType"
Make sure that the return value of from-spec query is compatible with the to-spec query]]>
      </msg>
   </Fault>
</Faults>
