<?xml version="1.0" encoding="UTF-8" ?>
<!-- Generated by Oracle SOA Modeler version 1.0 at [7/4/10 8:47 PM]. -->
<composite name="UnitedAirlines"
           revision="1.0"
           label="2010-07-04_20-47-26_174"
           mode="active"
           state="on"
           xmlns="http://xmlns.oracle.com/sca/1.0"
           xmlns:xs="http://www.w3.org/2001/XMLSchema"
           xmlns:wsp="http://schemas.xmlsoap.org/ws/2004/09/policy"
           xmlns:orawsp="http://schemas.oracle.com/ws/2006/01/policy"
           xmlns:ui="http://xmlns.oracle.com/soa/designer/">
  <import namespace="http://packtpub.com/service/airline/"
          location="UnitedAirlines.wsdl" importType="wsdl"/>
  <service name="UnitedAirlines_ep" ui:wsdlLocation="UnitedAirlines.wsdl">
    <interface.wsdl interface="http://packtpub.com/service/airline/#wsdl.interface(UnitedFlightAvailabilityPT)"
                    callbackInterface="http://packtpub.com/service/airline/#wsdl.interface(UnitedFlightCallbackPT)"/>
    <binding.ws port="http://packtpub.com/service/airline/#wsdl.endpoint(UnitedAirlines_ep/UnitedFlightAvailabilityPT_pt)"/>
    <callback>
      <binding.ws port="http://packtpub.com/service/airline/#wsdl.endpoint(UnitedAirlines_ep/UnitedFlightCallbackPT_pt)"/>
    </callback>
  </service>
  <component name="UnitedAirlines">
    <implementation.bpel src="UnitedAirlines.bpel"/>
  </component>
  <wire>
    <source.uri>UnitedAirlines_ep</source.uri>
    <target.uri>UnitedAirlines/UnitedAirlines</target.uri>
  </wire>
</composite>
