<?xml version="1.0" encoding="UTF-8" ?>
<!-- Generated by Oracle SOA Modeler version 1.0 at [6/4/10 1:49 PM]. -->
<composite name="AmericanAirlines"
           revision="1.0"
           label="2010-06-04_13-49-11_164"
           mode="active"
           state="on"
           xmlns="http://xmlns.oracle.com/sca/1.0"
           xmlns:xs="http://www.w3.org/2001/XMLSchema"
           xmlns:wsp="http://schemas.xmlsoap.org/ws/2004/09/policy"
           xmlns:orawsp="http://schemas.oracle.com/ws/2006/01/policy"
           xmlns:ui="http://xmlns.oracle.com/soa/designer/">
  <import namespace="http://packtpub.com/service/airline/"
          location="AirlineRef.wsdl" importType="wsdl"/>
  <service name="TicketService" ui:wsdlLocation="AirlineRef.wsdl">
    <interface.wsdl interface="http://packtpub.com/service/airline/#wsdl.interface(FlightAvailabilityPT)"
                    callbackInterface="http://packtpub.com/service/airline/#wsdl.interface(FlightCallbackPT)"/>
    <binding.ws port="http://packtpub.com/service/airline/#wsdl.endpoint(TicketService/FlightAvailabilityPT_pt)"/>
    <callback>
      <binding.ws port="http://packtpub.com/service/airline/#wsdl.endpoint(TicketService/FlightCallbackPT_pt)"/>
    </callback>
  </service>
  <component name="AmericanAirlines">
    <implementation.bpel src="AmericanAirlines.bpel"/>
  </component>
  <wire>
    <source.uri>TicketService</source.uri>
    <target.uri>AmericanAirlines/client</target.uri>
  </wire>
</composite>
