<?xml version="1.0" encoding="UTF-8" ?>
<!-- Generated by Oracle SOA Modeler version 1.0 at [6/4/10 2:20 PM]. -->
<composite name="TravelApproval"
           revision="1.0"
           label="2010-06-04_14-20-37_017"
           mode="active"
           state="on"
           xmlns="http://xmlns.oracle.com/sca/1.0"
           xmlns:xs="http://www.w3.org/2001/XMLSchema"
           xmlns:wsp="http://schemas.xmlsoap.org/ws/2004/09/policy"
           xmlns:orawsp="http://schemas.oracle.com/ws/2006/01/policy"
           xmlns:ui="http://xmlns.oracle.com/soa/designer/">
  <import namespace="http://packtpub.com/bpel/travel/"
          location="TravelApprovalRef.wsdl" importType="wsdl"/>
  <import namespace="http://packtpub.com/service/airline/"
          location="http://localhost:8001/soa-infra/services/default/AmericanAirlines/AirlineRef.wsdl"
          importType="wsdl"/>
  <import namespace="http://packtpub.com/service/airline/"
          location="http://localhost:8001/soa-infra/services/default/DeltaAirlines/AirlineRef.wsdl"
          importType="wsdl"/>
  <import namespace="http://xmlns.oracle.com/ias/pcbpel/NotificationService"
          location="NotificationService.wsdl" importType="wsdl"/>
  <import namespace="http://packtpub.com/bpel/travel/reservation"
          location="TicketReservationDetail.wsdl" importType="wsdl"/>
  <import namespace="http://packtpub.com/service/employee/"
          location="EmployeeTravelStatus1.wsdl" importType="wsdl"/>
  <service name="TravelApprovalService" ui:wsdlLocation="TravelApprovalRef.wsdl">
    <interface.wsdl interface="http://packtpub.com/bpel/travel/#wsdl.interface(TravelApprovalPT)"/>
    <binding.ws port="http://packtpub.com/bpel/travel/#wsdl.endpoint(TravelApprovalService/TravelApprovalPT_pt)"/>
  </service>
  <component name="TravelApproval">
    <implementation.bpel src="TravelApproval.bpel"/>
  </component>
  <component name="TicketReservationDetail">
    <implementation.bpel src="TicketReservationDetail.bpel"/>
  </component>
  <reference name="EmployeeTravelStatus"
             ui:wsdlLocation="EmployeeTravelStatus1.wsdl">
    <interface.wsdl interface="http://packtpub.com/service/employee/#wsdl.interface(EmployeeTravelStatusPT)"/>
    <binding.ws port="http://packtpub.com/service/employee/#wsdl.endpoint(EmployeeTravelStatusService/EmployeeTravelStatusPTPort)"
                location="EmployeeTravelStatus1.wsdl" soapVersion="1.1">
      <property name="weblogic.wsee.wsat.transaction.flowOption"
                type="xs:string" many="false">WSDLDriven</property>
    </binding.ws>
  </reference>
  <reference name="AmericanAirlines"
             ui:wsdlLocation="http://localhost:8001/soa-infra/services/default/AmericanAirlines/AirlineRef.wsdl">
    <interface.wsdl interface="http://packtpub.com/service/airline/#wsdl.interface(FlightAvailabilityPT)"
                    callbackInterface="http://packtpub.com/service/airline/#wsdl.interface(FlightCallbackPT)"/>
    <binding.ws port="http://packtpub.com/service/airline/#wsdl.endpoint(TicketService/FlightAvailabilityPT_pt)"
                location="http://localhost:8001/soa-infra/services/default/AmericanAirlines/TicketService?WSDL"
                soapVersion="1.1">
      <property name="weblogic.wsee.wsat.transaction.flowOption"
                type="xs:string" many="false">WSDLDriven</property>
    </binding.ws>
    <callback>
      <binding.ws port="http://packtpub.com/service/airline/#wsdl.endpoint(TicketService/FlightCallbackPT_pt)"/>
    </callback>
  </reference>
  <reference name="DeltaAirlines"
             ui:wsdlLocation="http://localhost:8001/soa-infra/services/default/DeltaAirlines/AirlineRef.wsdl">
    <interface.wsdl interface="http://packtpub.com/service/airline/#wsdl.interface(FlightAvailabilityPT)"
                    callbackInterface="http://packtpub.com/service/airline/#wsdl.interface(FlightCallbackPT)"/>
    <binding.ws port="http://packtpub.com/service/airline/#wsdl.endpoint(TicketService/FlightAvailabilityPT_pt)"
                location="http://localhost:8001/soa-infra/services/default/DeltaAirlines/TicketService?WSDL"
                soapVersion="1.1">
      <property name="weblogic.wsee.wsat.transaction.flowOption"
                type="xs:string" many="false">WSDLDriven</property>
    </binding.ws>
    <callback>
      <binding.ws port="http://packtpub.com/service/airline/#wsdl.endpoint(TicketService/FlightCallbackPT_pt)"/>
    </callback>
  </reference>
  <reference name="NotificationService_1"
             ui:wsdlLocation="NotificationService.wsdl">
    <interface.wsdl interface="http://xmlns.oracle.com/ias/pcbpel/NotificationService#wsdl.interface(NotificationService)"/>
    <binding.wsif port="http://xmlns.oracle.com/ias/pcbpel/NotificationService#wsdl.endpoint(NotificationService/JavaPort)"
                  location="NotificationService.wsdl"/>
  </reference>
  <wire>
    <source.uri>TravelApprovalService</source.uri>
    <target.uri>TravelApproval/client</target.uri>
  </wire>
  <wire>
    <source.uri>TravelApproval/EmployeeTravelStatus</source.uri>
    <target.uri>EmployeeTravelStatus</target.uri>
  </wire>
  <wire>
    <source.uri>TravelApproval/AmericanAirlines</source.uri>
    <target.uri>AmericanAirlines</target.uri>
  </wire>
  <wire>
    <source.uri>TravelApproval/DeltaAirlines</source.uri>
    <target.uri>DeltaAirlines</target.uri>
  </wire>
  <wire>
    <source.uri>TravelApproval/NotificationService_1</source.uri>
    <target.uri>NotificationService_1</target.uri>
  </wire>
  <wire>
    <source.uri>TicketReservationDetail/AmericanAirlines</source.uri>
    <target.uri>AmericanAirlines</target.uri>
  </wire>
  <wire>
    <source.uri>TicketReservationDetail/DeltaAirlines</source.uri>
    <target.uri>DeltaAirlines</target.uri>
  </wire>
  <wire>
    <source.uri>TravelApproval/TicketReservationDetail.ticketreservationdetail_client</source.uri>
    <target.uri>TicketReservationDetail/ticketreservationdetail_client</target.uri>
  </wire>
</composite>
