<?xml version = '1.0' encoding = 'UTF-8'?>
<graphics>
   <diagram popupEditor="false" fixedWidthSwimlanes="true" roundedPartnerlinks="true" centerZoom="true" validateOnLoad="true" confirmBeforeDelete="true" selectedPartnerLinkColor="0,0,153" swimlaneBackground="240,240,240" swimlaneDividerBackground="218,218,218" graphBackground="255,255,255" selectedBorderBackground="49,105,198" connectedPartnerLinkColor="204,204,255" connectablePartnerLinkColor="0,0,255" unconnectedPartnerLinkColor="192,192,192"/>
   <annotationfile/>
   <iconize assign="no" invoke="no" receive="no" reply="no" transform="no" terminate="no" wait="no" compensate="no" empty="no" javaembedding="no" throw="no" validate="no" dropzone="no" sequence="no" scope="no" pick="no" while="no" flow="no" switch="no" onalarm="no" onmessage="no" catch="no" catchall="no" compensationhandler="no" optimize="no"/>
   <partnerlink_locations>
      <partnerlink name="client" x="15" y="632" side="left"/>
      <partnerlink name="EmployeeTravelStatus" x="761" y="20" side="right"/>
      <partnerlink name="AmericanAirlines" x="761" y="77" side="right"/>
      <partnerlink name="DeltaAirlines" x="761" y="134" side="right"/>
      <partnerlink name="NotificationService_1" x="761" y="191" side="right"/>
      <partnerlink name="TicketReservationDetail.ticketreservationdetail_client" x="761" y="854" side="right"/>
   </partnerlink_locations>
   <graph_layout viewport="0,596,892,731" show_swimlanes="true">
      <layout_item collapsed="false" xpath="/process/process" type="Process" showhandlers="true"/>
      <layout_item collapsed="false" xpath="/process/sequence" type="Sequence"/>
      <layout_item collapsed="true" xpath="/process/sequence/scope[1]" type="Scope" showhandlers="true"/>
      <layout_item collapsed="false" xpath="/process/sequence/scope[1]/sequence" type="Sequence"/>
      <layout_item collapsed="true" xpath="/process/sequence/scope[2]" type="Scope" showhandlers="true"/>
      <layout_item collapsed="false" xpath="/process/sequence/scope[2]/flow" type="Flow"/>
      <layout_item collapsed="false" xpath="/process/sequence/scope[2]/flow/sequence[1]" type="Sequence"/>
      <layout_item collapsed="false" xpath="/process/sequence/scope[2]/flow/sequence[2]" type="Sequence"/>
      <layout_item collapsed="false" xpath="/process/sequence/scope[3]" type="Scope" showhandlers="true"/>
      <layout_item collapsed="false" xpath="/process/sequence/scope[3]/sequence" type="Sequence"/>
      <layout_item collapsed="false" xpath="/process/sequence/scope[3]/sequence/switch" type="Switch"/>
      <layout_item collapsed="false" xpath="/process/sequence/scope[3]/sequence/switch/case/sequence" type="Sequence"/>
      <layout_item collapsed="false" xpath="/process/sequence/scope[3]/sequence/switch/otherwise/sequence" type="Sequence"/>
      <layout_item collapsed="true" xpath="/process/sequence/scope[4]" type="Scope" showhandlers="true"/>
      <layout_item collapsed="false" xpath="/process/sequence/scope[4]/sequence" type="Sequence"/>
   </graph_layout>
   <bookmarks/>
</graphics>
