<?xml version="1.0" encoding="UTF-8" ?>
<!-- Generated by Oracle SOA Modeler version 1.0 at [6/4/10 2:20 PM]. -->
<composite name="TravelApproval"
           revision="1.0"
           label="2010-06-04_14-20-37_017"
           mode="active"
           state="on"
           xmlns="http://xmlns.oracle.com/sca/1.0"
           xmlns:xs="http://www.w3.org/2001/XMLSchema"
           xmlns:wsp="http://schemas.xmlsoap.org/ws/2004/09/policy"
           xmlns:orawsp="http://schemas.oracle.com/ws/2006/01/policy"
           xmlns:ui="http://xmlns.oracle.com/soa/designer/">
  <import namespace="http://packtpub.com/bpel/travel/"
          location="TravelApprovalRef.wsdl" importType="wsdl"/>
  <import namespace="http://packtpub.com/service/airline/"
          location="http://localhost:8001/soa-infra/services/default/AmericanAirlines/AirlineRef.wsdl"
          importType="wsdl"/>
  <import namespace="http://packtpub.com/service/airline/"
          location="http://localhost:8001/soa-infra/services/default/DeltaAirlines/AirlineRef.wsdl"
          importType="wsdl"/>
  <import namespace="/employeesdo/common/"
          location="http://localhost:8001/employee-app/EmployeeSDOService?wsdl"
          importType="wsdl"/>
  <import namespace="/employeesdo/common/" location="EmployeeSDOService.wsdl"
          importType="wsdl"/>
  <service name="TravelApprovalService" ui:wsdlLocation="TravelApprovalRef.wsdl">
    <interface.wsdl interface="http://packtpub.com/bpel/travel/#wsdl.interface(TravelApprovalPT)"/>
    <binding.ws port="http://packtpub.com/bpel/travel/#wsdl.endpoint(TravelApprovalService/TravelApprovalPT_pt)"/>
  </service>
  <component name="TravelApproval">
    <implementation.bpel src="TravelApproval.bpel"/>
  </component>
  <reference name="AmericanAirlines"
             ui:wsdlLocation="http://localhost:8001/soa-infra/services/default/AmericanAirlines/AirlineRef.wsdl">
    <interface.wsdl interface="http://packtpub.com/service/airline/#wsdl.interface(FlightAvailabilityPT)"
                    callbackInterface="http://packtpub.com/service/airline/#wsdl.interface(FlightCallbackPT)"/>
    <binding.ws port="http://packtpub.com/service/airline/#wsdl.endpoint(TicketService/FlightAvailabilityPT_pt)"
                location="http://localhost:8001/soa-infra/services/default/AmericanAirlines/TicketService?WSDL"
                soapVersion="1.1">
      <property name="weblogic.wsee.wsat.transaction.flowOption"
                type="xs:string" many="false">WSDLDriven</property>
    </binding.ws>
    <callback>
      <binding.ws port="http://packtpub.com/service/airline/#wsdl.endpoint(TicketService/FlightCallbackPT_pt)"/>
    </callback>
  </reference>
  <reference name="DeltaAirlines"
             ui:wsdlLocation="http://localhost:8001/soa-infra/services/default/DeltaAirlines/AirlineRef.wsdl">
    <interface.wsdl interface="http://packtpub.com/service/airline/#wsdl.interface(FlightAvailabilityPT)"
                    callbackInterface="http://packtpub.com/service/airline/#wsdl.interface(FlightCallbackPT)"/>
    <binding.ws port="http://packtpub.com/service/airline/#wsdl.endpoint(TicketService/FlightAvailabilityPT_pt)"
                location="http://localhost:8001/soa-infra/services/default/DeltaAirlines/TicketService?WSDL"
                soapVersion="1.1">
      <property name="weblogic.wsee.wsat.transaction.flowOption"
                type="xs:string" many="false">WSDLDriven</property>
    </binding.ws>
    <callback>
      <binding.ws port="http://packtpub.com/service/airline/#wsdl.endpoint(TicketService/FlightCallbackPT_pt)"/>
    </callback>
  </reference>
  <reference name="EmployeeSDOService"
             ui:wsdlLocation="http://localhost:8001/employee-app/EmployeeSDOService?wsdl">
    <interface.wsdl interface="/employeesdo/common/#wsdl.interface(EmployeeSDOService)"/>
    <binding.adf serviceName="{/employeesdo/common/}EmployeeSDOService"
                 registryName="EmployeeApp_JBOServiceRegistry"/>
  </reference>
  <wire>
    <source.uri>TravelApprovalService</source.uri>
    <target.uri>TravelApproval/client</target.uri>
  </wire>
  <wire>
    <source.uri>TravelApproval/AmericanAirlines</source.uri>
    <target.uri>AmericanAirlines</target.uri>
  </wire>
  <wire>
    <source.uri>TravelApproval/DeltaAirlines</source.uri>
    <target.uri>DeltaAirlines</target.uri>
  </wire>
  <wire>
    <source.uri>TravelApproval/EmployeeSDOService</source.uri>
    <target.uri>EmployeeSDOService</target.uri>
  </wire>
</composite>
