<?xml version="1.0" encoding="UTF-8" ?>
<JavaBean xmlns="http://xmlns.oracle.com/adfm/beanmodel" version="11.1.1.56.60"
          id="EvidenceType"
          Package="TFormFlightTicketApproval_FlightTicketApproval"
          BeanClass="TFormFlightTicketApproval_FlightTicketApproval.EvidenceType"
          isJavaBased="false">
  <Attribute Name="evidenceId" Type="java.lang.String">
    <Properties>
      <CustomProperties>
        <Property Name="nextSiblingNamespace"
                  Value="http://xmlns.oracle.com/bpel/workflow/TaskEvidenceService"/>
        <Property Name="nextSibling" Value="taskId"/>
        <Property Name="minOccurs" Value="1"/>
        <Property Name="maxOccurs" Value="1"/>
        <Property Name="LABEL" Value="Evidence Id"/>
        <Property Name="LeafElement_hint" Value="LeafElement_no_attribute"/>
        <Property Name="nillable" Value="false"/>
        <Property Name="originalName" Value="evidenceId"/>
        <Property Name="targetNamespace"
                  Value="http://xmlns.oracle.com/bpel/workflow/TaskEvidenceService"/>
        <Property Name="type" Value="java.lang.String"/>
      </CustomProperties>
    </Properties>
  </Attribute>
  <Attribute Name="taskId" Type="java.lang.String">
    <Properties>
      <CustomProperties>
        <Property Name="nextSiblingNamespace"
                  Value="http://xmlns.oracle.com/bpel/workflow/TaskEvidenceService"/>
        <Property Name="nextSibling" Value="taskNumber"/>
        <Property Name="minOccurs" Value="1"/>
        <Property Name="maxOccurs" Value="1"/>
        <Property Name="LABEL" Value="Task Id"/>
        <Property Name="LeafElement_hint" Value="LeafElement_no_attribute"/>
        <Property Name="nillable" Value="false"/>
        <Property Name="originalName" Value="taskId"/>
        <Property Name="targetNamespace"
                  Value="http://xmlns.oracle.com/bpel/workflow/TaskEvidenceService"/>
        <Property Name="type" Value="java.lang.String"/>
      </CustomProperties>
    </Properties>
  </Attribute>
  <Attribute Name="taskNumber" Type="java.lang.Integer">
    <Properties>
      <CustomProperties>
        <Property Name="minInclusive" Value="-2147483648"/>
        <Property Name="originalName" Value="taskNumber"/>
        <Property Name="LeafElement_hint" Value="LeafElement_no_attribute"/>
        <Property Name="nextSiblingNamespace"
                  Value="http://xmlns.oracle.com/bpel/workflow/TaskEvidenceService"/>
        <Property Name="nextSibling" Value="taskVersion"/>
        <Property Name="fractionDigits" Value="0"/>
        <Property Name="nillable" Value="false"/>
        <Property Name="LABEL" Value="Task Number"/>
        <Property Name="maxOccurs" Value="1"/>
        <Property Name="maxInclusive" Value="2147483647"/>
        <Property Name="type" Value="java.lang.Integer"/>
        <Property Name="targetNamespace"
                  Value="http://xmlns.oracle.com/bpel/workflow/TaskEvidenceService"/>
        <Property Name="minOccurs" Value="1"/>
      </CustomProperties>
    </Properties>
  </Attribute>
  <Attribute Name="taskVersion" Type="java.lang.Integer">
    <Properties>
      <CustomProperties>
        <Property Name="minInclusive" Value="-2147483648"/>
        <Property Name="originalName" Value="taskVersion"/>
        <Property Name="LeafElement_hint" Value="LeafElement_no_attribute"/>
        <Property Name="nextSiblingNamespace"
                  Value="http://xmlns.oracle.com/bpel/workflow/TaskEvidenceService"/>
        <Property Name="nextSibling" Value="taskPriority"/>
        <Property Name="fractionDigits" Value="0"/>
        <Property Name="nillable" Value="false"/>
        <Property Name="LABEL" Value="Task Version"/>
        <Property Name="maxOccurs" Value="1"/>
        <Property Name="maxInclusive" Value="2147483647"/>
        <Property Name="type" Value="java.lang.Integer"/>
        <Property Name="targetNamespace"
                  Value="http://xmlns.oracle.com/bpel/workflow/TaskEvidenceService"/>
        <Property Name="minOccurs" Value="1"/>
      </CustomProperties>
    </Properties>
  </Attribute>
  <Attribute Name="taskPriority" Type="java.lang.Integer">
    <Properties>
      <CustomProperties>
        <Property Name="minInclusive" Value="-2147483648"/>
        <Property Name="originalName" Value="taskPriority"/>
        <Property Name="LeafElement_hint" Value="LeafElement_no_attribute"/>
        <Property Name="nextSiblingNamespace"
                  Value="http://xmlns.oracle.com/bpel/workflow/TaskEvidenceService"/>
        <Property Name="nextSibling" Value="taskTitle"/>
        <Property Name="fractionDigits" Value="0"/>
        <Property Name="nillable" Value="false"/>
        <Property Name="LABEL" Value="Task Priority"/>
        <Property Name="maxOccurs" Value="1"/>
        <Property Name="maxInclusive" Value="2147483647"/>
        <Property Name="type" Value="java.lang.Integer"/>
        <Property Name="targetNamespace"
                  Value="http://xmlns.oracle.com/bpel/workflow/TaskEvidenceService"/>
        <Property Name="minOccurs" Value="1"/>
      </CustomProperties>
    </Properties>
  </Attribute>
  <Attribute Name="taskTitle" Type="java.lang.String">
    <Properties>
      <CustomProperties>
        <Property Name="nextSiblingNamespace"
                  Value="http://xmlns.oracle.com/bpel/workflow/TaskEvidenceService"/>
        <Property Name="nextSibling" Value="taskStatus"/>
        <Property Name="minOccurs" Value="1"/>
        <Property Name="maxOccurs" Value="1"/>
        <Property Name="LABEL" Value="Task Title"/>
        <Property Name="LeafElement_hint" Value="LeafElement_no_attribute"/>
        <Property Name="nillable" Value="false"/>
        <Property Name="originalName" Value="taskTitle"/>
        <Property Name="targetNamespace"
                  Value="http://xmlns.oracle.com/bpel/workflow/TaskEvidenceService"/>
        <Property Name="type" Value="java.lang.String"/>
      </CustomProperties>
    </Properties>
  </Attribute>
  <Attribute Name="taskStatus" Type="java.lang.String">
    <Properties>
      <CustomProperties>
        <Property Name="nextSiblingNamespace"
                  Value="http://xmlns.oracle.com/bpel/workflow/TaskEvidenceService"/>
        <Property Name="nextSibling" Value="taskSubStatus"/>
        <Property Name="minOccurs" Value="1"/>
        <Property Name="maxOccurs" Value="1"/>
        <Property Name="LABEL" Value="Task Status"/>
        <Property Name="LeafElement_hint" Value="LeafElement_no_attribute"/>
        <Property Name="nillable" Value="false"/>
        <Property Name="originalName" Value="taskStatus"/>
        <Property Name="targetNamespace"
                  Value="http://xmlns.oracle.com/bpel/workflow/TaskEvidenceService"/>
        <Property Name="type" Value="java.lang.String"/>
      </CustomProperties>
    </Properties>
  </Attribute>
  <Attribute Name="taskSubStatus" Type="java.lang.String">
    <Properties>
      <CustomProperties>
        <Property Name="nextSiblingNamespace"
                  Value="http://xmlns.oracle.com/bpel/workflow/TaskEvidenceService"/>
        <Property Name="nextSibling" Value="taskOutcome"/>
        <Property Name="minOccurs" Value="1"/>
        <Property Name="maxOccurs" Value="1"/>
        <Property Name="LABEL" Value="Task Sub Status"/>
        <Property Name="LeafElement_hint" Value="LeafElement_no_attribute"/>
        <Property Name="nillable" Value="false"/>
        <Property Name="originalName" Value="taskSubStatus"/>
        <Property Name="targetNamespace"
                  Value="http://xmlns.oracle.com/bpel/workflow/TaskEvidenceService"/>
        <Property Name="type" Value="java.lang.String"/>
      </CustomProperties>
    </Properties>
  </Attribute>
  <Attribute Name="taskOutcome" Type="java.lang.String">
    <Properties>
      <CustomProperties>
        <Property Name="nextSiblingNamespace"
                  Value="http://xmlns.oracle.com/bpel/workflow/TaskEvidenceService"/>
        <Property Name="nextSibling" Value="wfType"/>
        <Property Name="minOccurs" Value="1"/>
        <Property Name="maxOccurs" Value="1"/>
        <Property Name="LABEL" Value="Task Outcome"/>
        <Property Name="LeafElement_hint" Value="LeafElement_no_attribute"/>
        <Property Name="nillable" Value="false"/>
        <Property Name="originalName" Value="taskOutcome"/>
        <Property Name="targetNamespace"
                  Value="http://xmlns.oracle.com/bpel/workflow/TaskEvidenceService"/>
        <Property Name="type" Value="java.lang.String"/>
      </CustomProperties>
    </Properties>
  </Attribute>
  <Attribute Name="wfType" Type="java.lang.String">
    <Properties>
      <CustomProperties>
        <Property Name="nextSiblingNamespace"
                  Value="http://xmlns.oracle.com/bpel/workflow/TaskEvidenceService"/>
        <Property Name="nextSibling" Value="certIssuerName"/>
        <Property Name="minOccurs" Value="1"/>
        <Property Name="maxOccurs" Value="1"/>
        <Property Name="LABEL" Value="Wf Type"/>
        <Property Name="LeafElement_hint" Value="LeafElement_no_attribute"/>
        <Property Name="nillable" Value="false"/>
        <Property Name="originalName" Value="wfType"/>
        <Property Name="targetNamespace"
                  Value="http://xmlns.oracle.com/bpel/workflow/TaskEvidenceService"/>
        <Property Name="type" Value="java.lang.String"/>
        <Property Name="enumeration" Value="[OWF, BPELWF]"/>
      </CustomProperties>
    </Properties>
  </Attribute>
  <Attribute Name="certIssuerName" Type="java.lang.String">
    <Properties>
      <CustomProperties>
        <Property Name="nextSiblingNamespace"
                  Value="http://xmlns.oracle.com/bpel/workflow/TaskEvidenceService"/>
        <Property Name="nextSibling" Value="certificateId"/>
        <Property Name="minOccurs" Value="0"/>
        <Property Name="maxOccurs" Value="1"/>
        <Property Name="LABEL" Value="Cert Issuer Name"/>
        <Property Name="LeafElement_hint" Value="LeafElement_no_attribute"/>
        <Property Name="nillable" Value="false"/>
        <Property Name="originalName" Value="certIssuerName"/>
        <Property Name="targetNamespace"
                  Value="http://xmlns.oracle.com/bpel/workflow/TaskEvidenceService"/>
        <Property Name="type" Value="java.lang.String"/>
      </CustomProperties>
    </Properties>
  </Attribute>
  <Attribute Name="certificateId" Type="java.lang.String">
    <Properties>
      <CustomProperties>
        <Property Name="nextSiblingNamespace"
                  Value="http://xmlns.oracle.com/bpel/workflow/TaskEvidenceService"/>
        <Property Name="nextSibling" Value="policy"/>
        <Property Name="minOccurs" Value="0"/>
        <Property Name="maxOccurs" Value="1"/>
        <Property Name="LABEL" Value="Certificate Id"/>
        <Property Name="LeafElement_hint" Value="LeafElement_no_attribute"/>
        <Property Name="nillable" Value="false"/>
        <Property Name="originalName" Value="certificateId"/>
        <Property Name="targetNamespace"
                  Value="http://xmlns.oracle.com/bpel/workflow/TaskEvidenceService"/>
        <Property Name="type" Value="java.lang.String"/>
      </CustomProperties>
    </Properties>
  </Attribute>
  <Attribute Name="policy" Type="java.lang.String">
    <Properties>
      <CustomProperties>
        <Property Name="nextSiblingNamespace"
                  Value="http://xmlns.oracle.com/bpel/workflow/TaskEvidenceService"/>
        <Property Name="nextSibling" Value="plainText"/>
        <Property Name="minOccurs" Value="1"/>
        <Property Name="maxOccurs" Value="1"/>
        <Property Name="LABEL" Value="Policy"/>
        <Property Name="LeafElement_hint" Value="LeafElement_no_attribute"/>
        <Property Name="nillable" Value="false"/>
        <Property Name="originalName" Value="policy"/>
        <Property Name="targetNamespace"
                  Value="http://xmlns.oracle.com/bpel/workflow/TaskEvidenceService"/>
        <Property Name="type" Value="java.lang.String"/>
        <Property Name="enumeration" Value="[PASSWORD, CERTIFICATE]"/>
      </CustomProperties>
    </Properties>
  </Attribute>
  <Attribute Name="plainText" Type="java.lang.String">
    <Properties>
      <CustomProperties>
        <Property Name="nextSiblingNamespace"
                  Value="http://xmlns.oracle.com/bpel/workflow/TaskEvidenceService"/>
        <Property Name="nextSibling" Value="plainTextEnc"/>
        <Property Name="minOccurs" Value="1"/>
        <Property Name="maxOccurs" Value="1"/>
        <Property Name="LABEL" Value="Plain Text"/>
        <Property Name="LeafElement_hint" Value="LeafElement_no_attribute"/>
        <Property Name="nillable" Value="false"/>
        <Property Name="originalName" Value="plainText"/>
        <Property Name="targetNamespace"
                  Value="http://xmlns.oracle.com/bpel/workflow/TaskEvidenceService"/>
        <Property Name="type" Value="java.lang.String"/>
      </CustomProperties>
    </Properties>
  </Attribute>
  <Attribute Name="plainTextEnc" Type="java.lang.String">
    <Properties>
      <CustomProperties>
        <Property Name="nextSiblingNamespace"
                  Value="http://xmlns.oracle.com/bpel/workflow/TaskEvidenceService"/>
        <Property Name="nextSibling" Value="signature"/>
        <Property Name="minOccurs" Value="1"/>
        <Property Name="maxOccurs" Value="1"/>
        <Property Name="LABEL" Value="Plain Text Enc"/>
        <Property Name="LeafElement_hint" Value="LeafElement_no_attribute"/>
        <Property Name="nillable" Value="false"/>
        <Property Name="originalName" Value="plainTextEnc"/>
        <Property Name="targetNamespace"
                  Value="http://xmlns.oracle.com/bpel/workflow/TaskEvidenceService"/>
        <Property Name="type" Value="java.lang.String"/>
      </CustomProperties>
    </Properties>
  </Attribute>
  <Attribute Name="signature" Type="java.lang.String">
    <Properties>
      <CustomProperties>
        <Property Name="nextSiblingNamespace"
                  Value="http://xmlns.oracle.com/bpel/workflow/TaskEvidenceService"/>
        <Property Name="nextSibling" Value="createDate"/>
        <Property Name="minOccurs" Value="1"/>
        <Property Name="maxOccurs" Value="1"/>
        <Property Name="LABEL" Value="Signature"/>
        <Property Name="LeafElement_hint" Value="LeafElement_no_attribute"/>
        <Property Name="nillable" Value="false"/>
        <Property Name="originalName" Value="signature"/>
        <Property Name="targetNamespace"
                  Value="http://xmlns.oracle.com/bpel/workflow/TaskEvidenceService"/>
        <Property Name="type" Value="java.lang.String"/>
      </CustomProperties>
    </Properties>
  </Attribute>
  <Attribute Name="createDate"
             Type="oracle.bpel.services.datacontrol.types.XSDateTime">
    <Properties>
      <CustomProperties>
        <Property Name="nextSiblingNamespace"
                  Value="http://xmlns.oracle.com/bpel/workflow/TaskEvidenceService"/>
        <Property Name="nextSibling" Value="signedDate"/>
        <Property Name="minOccurs" Value="1"/>
        <Property Name="maxOccurs" Value="1"/>
        <Property Name="LABEL" Value="Create Date"/>
        <Property Name="LeafElement_hint" Value="LeafElement_no_attribute"/>
        <Property Name="nillable" Value="false"/>
        <Property Name="originalName" Value="createDate"/>
        <Property Name="targetNamespace"
                  Value="http://xmlns.oracle.com/bpel/workflow/TaskEvidenceService"/>
        <Property Name="type"
                  Value="oracle.bpel.services.datacontrol.types.XSDateTime"/>
      </CustomProperties>
    </Properties>
  </Attribute>
  <Attribute Name="signedDate"
             Type="oracle.bpel.services.datacontrol.types.XSDateTime">
    <Properties>
      <CustomProperties>
        <Property Name="nextSiblingNamespace"
                  Value="http://xmlns.oracle.com/bpel/workflow/TaskEvidenceService"/>
        <Property Name="nextSibling" Value="UpdatableEvidenceAttributes"/>
        <Property Name="minOccurs" Value="1"/>
        <Property Name="maxOccurs" Value="1"/>
        <Property Name="LABEL" Value="Signed Date"/>
        <Property Name="LeafElement_hint" Value="LeafElement_no_attribute"/>
        <Property Name="nillable" Value="false"/>
        <Property Name="originalName" Value="signedDate"/>
        <Property Name="targetNamespace"
                  Value="http://xmlns.oracle.com/bpel/workflow/TaskEvidenceService"/>
        <Property Name="type"
                  Value="oracle.bpel.services.datacontrol.types.XSDateTime"/>
      </CustomProperties>
    </Properties>
  </Attribute>
  <AccessorAttribute id="UpdatableEvidenceAttributes" IsCollection="true"
                     BeanClass="TFormFlightTicketApproval_FlightTicketApproval.UpdatableEvidenceAttributesType"
                     CollectionBeanClass="TFormFlightTicketApproval_FlightTicketApproval.UpdatableEvidenceAttributesType_UpdatableEvidenceAttributes_Operations">
    <Properties>
      <Property Name="minOccurs" Value="1"/>
      <Property Name="maxOccurs" Value="1"/>
      <Property Name="LABEL" Value="Updatable Evidence Attributes"/>
      <Property Name="nillable" Value="false"/>
      <Property Name="originalName" Value="UpdatableEvidenceAttributes"/>
      <Property Name="targetNamespace"
                Value="http://xmlns.oracle.com/bpel/workflow/TaskEvidenceService"/>
    </Properties>
  </AccessorAttribute>
</JavaBean>
