<?xml version = '1.0' encoding = 'UTF-8'?>
<graphics>
   <diagram popupEditor="false" fixedWidthSwimlanes="true" roundedPartnerlinks="true" centerZoom="true" validateOnLoad="true" confirmBeforeDelete="true" selectedPartnerLinkColor="0,0,153" swimlaneBackground="240,240,240" swimlaneDividerBackground="218,218,218" graphBackground="255,255,255" selectedBorderBackground="49,105,198" connectedPartnerLinkColor="204,204,255" connectablePartnerLinkColor="0,0,255" unconnectedPartnerLinkColor="192,192,192"/>
   <annotationfile/>
   <iconize assign="no" invoke="no" receive="no" reply="no" transform="no" terminate="no" wait="no" compensate="no" empty="no" javaembedding="no" throw="no" validate="no" dropzone="no" sequence="no" scope="no" pick="no" while="no" flow="no" switch="no" onalarm="no" onmessage="no" catch="no" catchall="no" compensationhandler="no" optimize="no"/>
   <partnerlink_locations>
      <partnerlink name="client" x="15" y="661" side="left"/>
      <partnerlink name="EmployeeTravelStatus" x="1119" y="20" side="right"/>
      <partnerlink name="Airline" x="1119" y="596" side="right"/>
   </partnerlink_locations>
   <graph_layout viewport="0,0,1250,497" show_swimlanes="true">
      <layout_item collapsed="false" xpath="/process/process" type="Process" showhandlers="true"/>
      <layout_item collapsed="false" xpath="/process/sequence" type="Sequence"/>
      <layout_item collapsed="true" xpath="/process/sequence/scope[1]" type="Scope" showhandlers="true"/>
      <layout_item collapsed="false" xpath="/process/sequence/scope[1]/sequence" type="Sequence"/>
      <layout_item collapsed="false" xpath="/process/sequence/scope[2]" type="Scope" showhandlers="true"/>
      <layout_item collapsed="false" xpath="/process/sequence/scope[2]/sequence" type="Sequence"/>
      <layout_item collapsed="false" xpath="/process/sequence/scope[2]/sequence/flowN" type="FlowN"/>
      <layout_item collapsed="false" xpath="/process/sequence/scope[2]/sequence/flowN/scope" type="Scope" showhandlers="true"/>
      <layout_item collapsed="false" xpath="/process/sequence/scope[2]/sequence/flowN/scope/sequence" type="Sequence"/>
      <layout_item collapsed="false" xpath="/process/sequence/while" type="While"/>
      <layout_item collapsed="true" xpath="/process/sequence/while/sequence" type="Sequence"/>
      <layout_item collapsed="false" xpath="/process/sequence/while/sequence/switch" type="Switch"/>
   </graph_layout>
   <bookmarks/>
</graphics>
