<?xml version = '1.0' encoding = 'UTF-8'?>
<graphics>
   <diagram popupEditor="false" fixedWidthSwimlanes="true" roundedPartnerlinks="true" centerZoom="true" validateOnLoad="true" confirmBeforeDelete="true" selectedPartnerLinkColor="0,0,153" swimlaneBackground="240,240,240" swimlaneDividerBackground="218,218,218" graphBackground="255,255,255" selectedBorderBackground="49,105,198" connectedPartnerLinkColor="204,204,255" connectablePartnerLinkColor="0,0,255" unconnectedPartnerLinkColor="192,192,192"/>
   <annotationfile/>
   <iconize assign="no" invoke="no" receive="no" reply="no" transform="no" terminate="no" wait="no" compensate="no" empty="no" javaembedding="no" throw="no" validate="no" dropzone="no" sequence="no" scope="no" pick="no" while="no" flow="no" switch="no" onalarm="no" onmessage="no" catch="no" catchall="no" compensationhandler="no" optimize="no"/>
   <partnerlink_locations>
      <partnerlink name="UnitedAirlines" x="15" y="323" side="left"/>
   </partnerlink_locations>
   <graph_layout viewport="0,0,1271,578" show_swimlanes="true">
      <layout_item collapsed="false" xpath="/process/process" type="Process" showhandlers="true"/>
      <layout_item collapsed="false" xpath="/process/sequence" type="Sequence"/>
      <layout_item collapsed="false" xpath="/process/sequence/pick" type="Pick"/>
      <layout_item collapsed="false" xpath="/process/sequence/pick/onMessage[1]" type="OnMessage"/>
      <layout_item collapsed="false" xpath="/process/sequence/pick/onMessage[1]/sequence" type="Sequence"/>
      <layout_item collapsed="false" xpath="/process/sequence/pick/onMessage[2]" type="OnMessage"/>
      <layout_item collapsed="false" xpath="/process/sequence/pick/onMessage[2]/sequence" type="Sequence"/>
   </graph_layout>
   <bookmarks/>
</graphics>
