<?xml version="1.0" encoding="UTF-8" ?>
<!-- Generated by Oracle SOA Modeler version 1.0 at [7/5/10 11:59 AM]. -->
<composite name="TravelApproval"
           revision="11.0"
           label="2010-07-05_11-59-24_167"
           mode="active"
           state="on"
           xmlns="http://xmlns.oracle.com/sca/1.0"
           xmlns:xs="http://www.w3.org/2001/XMLSchema"
           xmlns:wsp="http://schemas.xmlsoap.org/ws/2004/09/policy"
           xmlns:orawsp="http://schemas.oracle.com/ws/2006/01/policy"
           xmlns:ui="http://xmlns.oracle.com/soa/designer/">
  <import namespace="http://packtpub.com/bpmn/travel/"
          location="TravelApproval.wsdl" importType="wsdl"/>
  <import namespace="http://packtpub.com/service/employee/"
          location="http://localhost:8001/EmployeeTravelStatus-app-v1/EmployeeTravelStatusPTPort?wsdl"
          importType="wsdl"/>
  <import namespace="http://packtpub.com/bpel/ticketoffers/"
          location="TicketOffersRetrieval.wsdl" importType="wsdl"/>
  <import namespace="http://packtpub.com/service/airline/"
          location="http://localhost:8001/soa-infra/services/default/AmericanAirlines/AirlineRef.wsdl"
          importType="wsdl"/>
  <import namespace="http://packtpub.com/service/airline/"
          location="http://localhost:8001/soa-infra/services/default/UnitedAirlines/UnitedAirlines.wsdl"
          importType="wsdl"/>
  <import namespace="http://xmlns.oracle.com/bpel/workflow/taskService"
          location="oramds:/soa/shared/workflow/TaskServiceInterface.wsdl"
          importType="wsdl"/>
  <import namespace="http://packtpub.com/bpel/ticketreservation/"
          location="TicketReservation.wsdl" importType="wsdl"/>
  <service name="TicketOffersRetrieval_ep"
           ui:wsdlLocation="TicketOffersRetrieval.wsdl">
    <interface.wsdl interface="http://packtpub.com/bpel/ticketoffers/#wsdl.interface(TicketOffersRetrieval)"
                    callbackInterface="http://packtpub.com/bpel/ticketoffers/#wsdl.interface(TicketOffersRetrievalCallback)"/>
    <binding.ws port="http://packtpub.com/bpel/ticketoffers/#wsdl.endpoint(TicketOffersRetrieval_ep/TicketOffersRetrieval_pt)"/>
    <callback>
      <binding.ws port="http://packtpub.com/bpel/ticketoffers/#wsdl.endpoint(TicketOffersRetrieval_ep/TicketOffersRetrievalCallback_pt)"/>
    </callback>
  </service>
  <service name="TicketReservation_ep" ui:wsdlLocation="TicketReservation.wsdl">
    <interface.wsdl interface="http://packtpub.com/bpel/ticketreservation/#wsdl.interface(TicketReservation)"
                    callbackInterface="http://packtpub.com/bpel/ticketreservation/#wsdl.interface(TicketReservationCallback)"/>
    <binding.ws port="http://packtpub.com/bpel/ticketreservation/#wsdl.endpoint(TicketReservation_ep/TicketReservation_pt)"/>
    <callback>
      <binding.ws port="http://packtpub.com/bpel/ticketreservation/#wsdl.endpoint(TicketReservation_ep/TicketReservationCallback_pt)"/>
    </callback>
  </service>
  <service name="TravelApproval.service" ui:wsdlLocation="TravelApproval.wsdl">
    <interface.wsdl interface="http://packtpub.com/bpmn/travel/#wsdl.interface(TravelApprovalPortType)"
                    callbackInterface="http://packtpub.com/bpmn/travel/#wsdl.interface(TravelApprovalPortTypeCallBack)"/>
    <binding.ws port="http://packtpub.com/bpmn/travel/#wsdl.endpoint(TravelApproval.service/TravelApprovalPortType_pt)"/>
    <callback>
      <binding.ws port="http://packtpub.com/bpmn/travel/#wsdl.endpoint(TravelApproval.service/TravelApprovalPortTypeCallBack_pt)"/>
    </callback>
  </service>
  <component name="TravelApproval">
    <implementation.bpmn src="processes/TravelApproval.bpmn"/>
  </component>
  <component name="TicketOffersRetrieval">
    <implementation.bpel src="TicketOffersRetrieval.bpel"/>
  </component>
  <component name="FlightTicketApproval">
    <implementation.workflow src="FlightTicketApproval.task"/>
  </component>
  <component name="TicketReservation">
    <implementation.bpel src="TicketReservation.bpel"/>
  </component>
  <reference name="EmployeeTravelStatus"
             ui:wsdlLocation="http://localhost:8001/EmployeeTravelStatus-app-v1/EmployeeTravelStatusPTPort?wsdl">
    <interface.wsdl interface="http://packtpub.com/service/employee/#wsdl.interface(EmployeeTravelStatusPT)"/>
    <binding.ws port="http://packtpub.com/service/employee/#wsdl.endpoint(EmployeeTravelStatusService/EmployeeTravelStatusPTPort)"
                location="http://localhost:8001/EmployeeTravelStatus-app-v1/EmployeeTravelStatusPTPort?wsdl"
                soapVersion="1.1">
      <property name="weblogic.wsee.wsat.transaction.flowOption"
                type="xs:string" many="false">WSDLDriven</property>
    </binding.ws>
  </reference>
  <reference name="AmericanAirlines"
             ui:wsdlLocation="http://localhost:8001/soa-infra/services/default/AmericanAirlines/AirlineRef.wsdl">
    <interface.wsdl interface="http://packtpub.com/service/airline/#wsdl.interface(FlightAvailabilityPT)"
                    callbackInterface="http://packtpub.com/service/airline/#wsdl.interface(FlightCallbackPT)"/>
    <binding.ws port="http://packtpub.com/service/airline/#wsdl.endpoint(TicketService/FlightAvailabilityPT_pt)"
                location="http://localhost:8001/soa-infra/services/default/AmericanAirlines/TicketService?WSDL"
                soapVersion="1.1">
      <property name="weblogic.wsee.wsat.transaction.flowOption"
                type="xs:string" many="false">WSDLDriven</property>
    </binding.ws>
    <callback>
      <binding.ws port="http://packtpub.com/service/airline/#wsdl.endpoint(TicketService/FlightCallbackPT_pt)"/>
    </callback>
  </reference>
  <reference name="UnitedAirlines"
             ui:wsdlLocation="http://localhost:8001/soa-infra/services/default/UnitedAirlines/UnitedAirlines.wsdl">
    <interface.wsdl interface="http://packtpub.com/service/airline/#wsdl.interface(UnitedFlightAvailabilityPT)"
                    callbackInterface="http://packtpub.com/service/airline/#wsdl.interface(UnitedFlightCallbackPT)"/>
    <binding.ws port="http://packtpub.com/service/airline/#wsdl.endpoint(UnitedAirlines_ep/UnitedFlightAvailabilityPT_pt)"
                location="http://localhost:8001/soa-infra/services/default/UnitedAirlines/UnitedAirlines_ep?WSDL"
                soapVersion="1.1">
      <property name="weblogic.wsee.wsat.transaction.flowOption"
                type="xs:string" many="false">WSDLDriven</property>
    </binding.ws>
    <callback>
      <binding.ws port="http://packtpub.com/service/airline/#wsdl.endpoint(UnitedAirlines_ep/UnitedFlightCallbackPT_pt)"/>
    </callback>
  </reference>
  <wire>
    <source.uri>TravelApproval/Services.Externals.EmployeeTravelStatus.reference</source.uri>
    <target.uri>EmployeeTravelStatus</target.uri>
  </wire>
  <wire>
    <source.uri>TicketOffersRetrieval_ep</source.uri>
    <target.uri>TicketOffersRetrieval/TicketOffersRetrieval</target.uri>
  </wire>
  <wire>
    <source.uri>TicketOffersRetrieval/UnitedAirlines</source.uri>
    <target.uri>UnitedAirlines</target.uri>
  </wire>
  <wire>
    <source.uri>TicketOffersRetrieval/AmericanAirlines</source.uri>
    <target.uri>AmericanAirlines</target.uri>
  </wire>
  <wire>
    <source.uri>TravelApproval/Services.BPEL.TicketOffersRetrieval.TicketOffersRetrieval.reference</source.uri>
    <target.uri>TicketOffersRetrieval/TicketOffersRetrieval</target.uri>
  </wire>
  <wire>
    <source.uri>TravelApproval/HumanTasks.FlightTicketApproval.reference</source.uri>
    <target.uri>FlightTicketApproval/TaskService</target.uri>
  </wire>
  <wire>
    <source.uri>TicketReservation_ep</source.uri>
    <target.uri>TicketReservation/TicketReservation</target.uri>
  </wire>
  <wire>
    <source.uri>TicketReservation/UnitedAirlines</source.uri>
    <target.uri>UnitedAirlines</target.uri>
  </wire>
  <wire>
    <source.uri>TicketReservation/AmericanAirlines</source.uri>
    <target.uri>AmericanAirlines</target.uri>
  </wire>
  <wire>
    <source.uri>TravelApproval/Services.BPEL.TicketReservation.TicketReservation.reference</source.uri>
    <target.uri>TicketReservation/TicketReservation</target.uri>
  </wire>
  <wire>
    <source.uri>TravelApproval.service</source.uri>
    <target.uri>TravelApproval/TravelApproval.service</target.uri>
  </wire>
</composite>
